{"cameraMode":{"drawMode":0,"name":"Shaded","section":"Shading Mode"},"sceneLighting":true,"audioPlay":false,"sceneViewState":{"showFog":true,"showMaterialUpdate":true,"showSkybox":true,"showFlares":true,"showImageEffects":true,"showParticleSystems":true},"in2DMode":false,"pivot":{"x":-0.3529481887817383,"y":0.3150866627693176,"z":3.061359167098999},"rotation":{"x":-0.27679839730262759,"y":0.015560363419353962,"z":-0.004488061182200909,"w":-0.9607915878295898},"size":0.38153189420700076,"orthographic":false}