{"cameraMode":{"drawMode":0,"name":"Shaded","section":"Shading Mode"},"sceneLighting":true,"audioPlay":false,"sceneViewState":{"showFog":true,"showMaterialUpdate":true,"showSkybox":true,"showFlares":true,"showImageEffects":true,"showParticleSystems":true},"in2DMode":false,"pivot":{"x":-14.15380859375,"y":0.28900146484375,"z":6.446014404296875},"rotation":{"x":0.13837841153144837,"y":0.6737176775932312,"z":-0.13053371012210847,"w":0.7140846252441406},"size":1.323647379875183,"orthographic":true}