{"cameraMode":{"drawMode":2,"name":"Shaded Wireframe","section":"Shading Mode"},"sceneLighting":true,"audioPlay":false,"sceneViewState":{"showFog":true,"showMaterialUpdate":true,"showSkybox":true,"showFlares":true,"showImageEffects":true,"showParticleSystems":true},"in2DMode":false,"pivot":{"x":-18.231643676757814,"y":-0.6220703125,"z":-2.7823486328125},"rotation":{"x":0.038564249873161319,"y":-0.8460628390312195,"z":0.5280842781066895,"w":0.061786264181137088},"size":4.965761184692383,"orthographic":true}