{"cameraMode":{"drawMode":0,"name":"Shaded","section":"Shading Mode"},"sceneLighting":true,"audioPlay":false,"sceneViewState":{"showFog":true,"showMaterialUpdate":true,"showSkybox":true,"showFlares":true,"showImageEffects":true,"showParticleSystems":true},"in2DMode":false,"pivot":{"x":0.09857177734375,"y":0.38726806640625,"z":3.49627685546875},"rotation":{"x":0.15902085602283479,"y":-0.32889634370803835,"z":0.056289225816726688,"w":0.9291776418685913},"size":1.9497283697128297,"orthographic":true}