{"cameraMode":{"drawMode":2,"name":"Shaded Wireframe","section":"Shading Mode"},"sceneLighting":false,"audioPlay":false,"sceneViewState":{"showFog":true,"showMaterialUpdate":true,"showSkybox":true,"showFlares":true,"showImageEffects":true,"showParticleSystems":true},"in2DMode":false,"pivot":{"x":11.140138626098633,"y":0.4116579294204712,"z":-0.02583932876586914},"rotation":{"x":0.21096797287464143,"y":0.6478227972984314,"z":-0.19359718263149262,"w":0.705930769443512},"size":22.0,"orthographic":false}