{"cameraMode":{"drawMode":2,"name":"Shaded Wireframe","section":"Shading Mode"},"sceneLighting":true,"audioPlay":false,"sceneViewState":{"showFog":true,"showMaterialUpdate":true,"showSkybox":true,"showFlares":true,"showImageEffects":true,"showParticleSystems":true},"in2DMode":false,"pivot":{"x":-2.6257259845733644,"y":1.04949951171875,"z":-1.24603271484375},"rotation":{"x":-0.0013140133814886213,"y":0.89913409948349,"z":-0.43766307830810549,"w":-0.0026967772282660009},"size":0.25510895252227785,"orthographic":true}