{"cameraMode":{"drawMode":0,"name":"Shaded","section":"Shading Mode"},"sceneLighting":true,"audioPlay":false,"sceneViewState":{"showFog":true,"showMaterialUpdate":true,"showSkybox":true,"showFlares":true,"showImageEffects":true,"showParticleSystems":true},"in2DMode":false,"pivot":{"x":1.4170829057693482,"y":-0.8987672328948975,"z":3.0269546508789064},"rotation":{"x":-0.18662405014038087,"y":-0.811035692691803,"z":0.356365829706192,"w":-0.4247305691242218},"size":7.118961811065674,"orthographic":false}