{"cameraMode":{"drawMode":0,"name":"Shaded","section":"Shading Mode"},"sceneLighting":true,"audioPlay":false,"sceneViewState":{"showFog":true,"showMaterialUpdate":true,"showSkybox":true,"showFlares":true,"showImageEffects":true,"showParticleSystems":true},"in2DMode":false,"pivot":{"x":-17.77766990661621,"y":-1.2218437194824219,"z":-2.040181875228882},"rotation":{"x":-0.014522213488817215,"y":-0.933738648891449,"z":0.3556246757507324,"w":-0.0381096713244915},"size":3.6465165615081789,"orthographic":false}