{"cameraMode":{"drawMode":0,"name":"Shaded","section":"Shading Mode"},"sceneLighting":true,"audioPlay":false,"sceneViewState":{"showFog":true,"showMaterialUpdate":true,"showSkybox":true,"showFlares":true,"showImageEffects":true,"showParticleSystems":true},"in2DMode":false,"pivot":{"x":-4.04312801361084,"y":1.3855981826782227,"z":1.2689151763916016},"rotation":{"x":-0.3326389193534851,"y":-0.26663321256637576,"z":0.09863860160112381,"w":-0.8991822004318237},"size":1.6786454916000367,"orthographic":false}