{"cameraMode":{"drawMode":0,"name":"Shaded","section":"Shading Mode"},"sceneLighting":true,"audioPlay":false,"sceneViewState":{"showFog":true,"showMaterialUpdate":true,"showSkybox":true,"showFlares":true,"showImageEffects":true,"showParticleSystems":true},"in2DMode":false,"pivot":{"x":-14.3197021484375,"y":2.748046875,"z":4.88043212890625},"rotation":{"x":-0.34425538778305056,"y":-0.6555274128913879,"z":0.48345592617988589,"w":-0.4669501483440399},"size":15.967744827270508,"orthographic":true}