{"cameraMode":{"drawMode":0,"name":"Shaded","section":"Shading Mode"},"sceneLighting":true,"audioPlay":false,"sceneViewState":{"showFog":true,"showMaterialUpdate":true,"showSkybox":true,"showFlares":true,"showImageEffects":true,"showParticleSystems":true},"in2DMode":false,"pivot":{"x":-1.5979862213134766,"y":0.9451446533203125,"z":3.467824935913086},"rotation":{"x":-0.0854872316122055,"y":0.9036487340927124,"z":-0.21396450698375703,"w":-0.361012727022171},"size":20.744131088256837,"orthographic":false}