{"cameraMode":{"drawMode":0,"name":"Shaded","section":"Shading Mode"},"sceneLighting":true,"audioPlay":false,"sceneViewState":{"showFog":true,"showMaterialUpdate":true,"showSkybox":true,"showFlares":true,"showImageEffects":true,"showParticleSystems":true},"in2DMode":false,"pivot":{"x":0.0157470703125,"y":0.00921630859375,"z":2.28326416015625},"rotation":{"x":0.19491039216518403,"y":0.5189378261566162,"z":-0.12287865579128266,"w":0.8231733441352844},"size":0.6054221391677856,"orthographic":true}