{"cameraMode":{"drawMode":2,"name":"Shaded Wireframe","section":"Shading Mode"},"sceneLighting":true,"audioPlay":false,"sceneViewState":{"showFog":true,"showMaterialUpdate":true,"showSkybox":true,"showFlares":true,"showImageEffects":true,"showParticleSystems":true},"in2DMode":false,"pivot":{"x":-2.994903564453125,"y":2.46435546875,"z":0.70947265625},"rotation":{"x":-0.04066205397248268,"y":0.8977497816085815,"z":-0.43034544587135317,"w":-0.08482205122709274},"size":3.425706624984741,"orthographic":true}