{"cameraMode":{"drawMode":0,"name":"Shaded","section":"Shading Mode"},"sceneLighting":true,"audioPlay":false,"sceneViewState":{"showFog":true,"showMaterialUpdate":true,"showSkybox":true,"showFlares":true,"showImageEffects":true,"showParticleSystems":true},"in2DMode":false,"pivot":{"x":-1.1003564596176148,"y":0.6934614777565002,"z":3.5290415287017824},"rotation":{"x":-0.02756517007946968,"y":0.9020661115646362,"z":-0.05826392024755478,"w":-0.4267578721046448},"size":0.28750497102737429,"orthographic":false}