{"cameraMode":{"drawMode":0,"name":"Shaded","section":"Shading Mode"},"sceneLighting":true,"audioPlay":false,"sceneViewState":{"showFog":true,"showMaterialUpdate":true,"showSkybox":true,"showFlares":true,"showImageEffects":true,"showParticleSystems":true},"in2DMode":false,"pivot":{"x":0.08071273565292359,"y":0.9771348237991333,"z":3.9620392322540285},"rotation":{"x":0.02333613857626915,"y":0.9566510915756226,"z":-0.2790589928627014,"w":0.08000177890062332},"size":2.1452343463897707,"orthographic":false}