{"cameraMode":{"drawMode":0,"name":"Shaded","section":"Shading Mode"},"sceneLighting":true,"audioPlay":false,"sceneViewState":{"showFog":true,"showMaterialUpdate":true,"showSkybox":true,"showFlares":true,"showImageEffects":true,"showParticleSystems":true},"in2DMode":false,"pivot":{"x":-0.2138204276561737,"y":0.6871115565299988,"z":3.367332696914673},"rotation":{"x":0.3186599314212799,"y":0.1534566730260849,"z":-0.052362438291311267,"w":0.9338977932929993},"size":0.04500602185726166,"orthographic":false}