{"cameraMode":{"drawMode":0,"name":"Shaded","section":"Shading Mode"},"sceneLighting":true,"audioPlay":false,"sceneViewState":{"showFog":true,"showMaterialUpdate":true,"showSkybox":true,"showFlares":true,"showImageEffects":true,"showParticleSystems":true},"in2DMode":false,"pivot":{"x":0.8014171123504639,"y":0.415130615234375,"z":2.5046441555023195},"rotation":{"x":-0.012574291788041592,"y":0.9773763418197632,"z":-0.20219786465168,"w":-0.06077408045530319},"size":1.686457872390747,"orthographic":false}