{"cameraMode":{"drawMode":0,"name":"Shaded","section":"Shading Mode"},"sceneLighting":true,"audioPlay":false,"sceneViewState":{"showFog":true,"showMaterialUpdate":true,"showSkybox":true,"showFlares":true,"showImageEffects":true,"showParticleSystems":true},"in2DMode":false,"pivot":{"x":0.0,"y":5.399999618530273,"z":3.674999952316284},"rotation":{"x":0.1556062549352646,"y":0.7219271659851074,"z":-0.17233535647392274,"w":0.6518499851226807},"size":17.147302627563478,"orthographic":false}