{"cameraMode":{"drawMode":0,"name":"Shaded","section":"Shading Mode"},"sceneLighting":true,"audioPlay":false,"sceneViewState":{"showFog":true,"showMaterialUpdate":true,"showSkybox":true,"showFlares":true,"showImageEffects":true,"showParticleSystems":true},"in2DMode":false,"pivot":{"x":0.6856245398521423,"y":0.915791392326355,"z":2.110504150390625},"rotation":{"x":-0.0030416548252105715,"y":0.9910361170768738,"z":-0.1315823644399643,"w":-0.022897932678461076},"size":3.7642061710357668,"orthographic":false}