{"cameraMode":{"drawMode":0,"name":"Shaded","section":"Shading Mode"},"sceneLighting":false,"audioPlay":false,"sceneViewState":{"showFog":true,"showMaterialUpdate":true,"showSkybox":true,"showFlares":true,"showImageEffects":true,"showParticleSystems":true},"in2DMode":false,"pivot":{"x":0.0,"y":1.399999976158142,"z":3.674999952316284},"rotation":{"x":0.07265540212392807,"y":0.8615344762802124,"z":-0.12888646125793458,"w":0.4856623709201813},"size":2.9173085689544679,"orthographic":true}