{"cameraMode":{"drawMode":0,"name":"Shaded","section":"Shading Mode"},"sceneLighting":true,"audioPlay":false,"sceneViewState":{"showFog":true,"showMaterialUpdate":true,"showSkybox":true,"showFlares":true,"showImageEffects":true,"showParticleSystems":true},"in2DMode":false,"pivot":{"x":-9.621826171875,"y":0.2158203125,"z":7.7763671875},"rotation":{"x":0.11461558938026428,"y":-0.44178128242492678,"z":0.05709144100546837,"w":0.887937605381012},"size":4.8180718421936039,"orthographic":true}