{"cameraMode":{"drawMode":0,"name":"Shaded","section":"Shading Mode"},"sceneLighting":true,"audioPlay":false,"sceneViewState":{"showFog":true,"showMaterialUpdate":true,"showSkybox":true,"showFlares":true,"showImageEffects":true,"showParticleSystems":true},"in2DMode":false,"pivot":{"x":-0.6050427556037903,"y":-2.4883320331573488,"z":0.34080934524536135},"rotation":{"x":0.04787769541144371,"y":-0.8827359080314636,"z":0.4582345187664032,"w":0.09222900867462158},"size":5.075905799865723,"orthographic":false}