{"cameraMode":{"drawMode":0,"name":"Shaded","section":"Shading Mode"},"sceneLighting":true,"audioPlay":false,"sceneViewState":{"showFog":true,"showMaterialUpdate":true,"showSkybox":true,"showFlares":true,"showImageEffects":true,"showParticleSystems":true},"in2DMode":false,"pivot":{"x":3.125554084777832,"y":1.188258171081543,"z":0.3825407028198242},"rotation":{"x":0.097531758248806,"y":0.8843796849250794,"z":-0.21390312910079957,"w":0.4032439589500427},"size":21.401535034179689,"orthographic":false}