{"cameraMode":{"drawMode":0,"name":"Shaded","section":"Shading Mode"},"sceneLighting":true,"audioPlay":false,"sceneViewState":{"showFog":true,"showMaterialUpdate":true,"showSkybox":true,"showFlares":true,"showImageEffects":true,"showParticleSystems":true},"in2DMode":false,"pivot":{"x":3.6633975505828859,"y":-19.3648624420166,"z":-19.072675704956056},"rotation":{"x":-0.03526942804455757,"y":-0.9229428172111511,"z":0.3732652962207794,"w":-0.0872107446193695},"size":31.080142974853517,"orthographic":false}