{"cameraMode":{"drawMode":0,"name":"Shaded","section":"Shading Mode"},"sceneLighting":true,"audioPlay":false,"sceneViewState":{"showFog":true,"showMaterialUpdate":true,"showSkybox":true,"showFlares":true,"showImageEffects":true,"showParticleSystems":true},"in2DMode":false,"pivot":{"x":-9.112576484680176,"y":0.017837435007095338,"z":9.203435897827149},"rotation":{"x":-0.24105536937713624,"y":0.26714447140693667,"z":-0.06921036541461945,"w":-0.930449366569519},"size":1.1463731527328492,"orthographic":true}