{"cameraMode":{"drawMode":0,"name":"Shaded","section":"Shading Mode"},"sceneLighting":true,"audioPlay":false,"sceneViewState":{"showFog":true,"showMaterialUpdate":true,"showSkybox":true,"showFlares":true,"showImageEffects":true,"showParticleSystems":true},"in2DMode":false,"pivot":{"x":-0.6761951446533203,"y":0.9857916831970215,"z":3.469545841217041},"rotation":{"x":-0.0961749404668808,"y":0.7960403561592102,"z":-0.1313202977180481,"w":-0.5829452872276306},"size":3.0022053718566896,"orthographic":false}