{"cameraMode":{"drawMode":0,"name":"Shaded","section":"Shading Mode"},"sceneLighting":true,"audioPlay":false,"sceneViewState":{"showFog":true,"showMaterialUpdate":true,"showSkybox":true,"showFlares":true,"showImageEffects":true,"showParticleSystems":true},"in2DMode":false,"pivot":{"x":1.4170829057693482,"y":-0.8987672328948975,"z":3.0269546508789064},"rotation":{"x":-0.18662403523921967,"y":-0.8110356330871582,"z":0.35636579990386965,"w":-0.4247305393218994},"size":3.9945929050445558,"orthographic":false}