{"cameraMode":{"drawMode":2,"name":"Shaded Wireframe","section":"Shading Mode"},"sceneLighting":true,"audioPlay":false,"sceneViewState":{"showFog":true,"showMaterialUpdate":true,"showSkybox":true,"showFlares":true,"showImageEffects":true,"showParticleSystems":true},"in2DMode":false,"pivot":{"x":0.6869169473648071,"y":0.3334096670150757,"z":3.7445201873779299},"rotation":{"x":0.3154333829879761,"y":0.4074045419692993,"z":-0.15237055718898774,"w":0.8433899879455566},"size":1.9841806888580323,"orthographic":false}