{"cameraMode":{"drawMode":0,"name":"Shaded","section":"Shading Mode"},"sceneLighting":true,"audioPlay":false,"sceneViewState":{"showFog":true,"showMaterialUpdate":true,"showSkybox":true,"showFlares":true,"showImageEffects":true,"showParticleSystems":true},"in2DMode":false,"pivot":{"x":23.74358558654785,"y":-19.433414459228517,"z":17.746614456176759},"rotation":{"x":-0.28572121262550356,"y":-0.47238415479660036,"z":0.16514749825000764,"w":-0.817277729511261},"size":41.282875061035159,"orthographic":false}