{"cameraMode":{"drawMode":0,"name":"Shaded","section":"Shading Mode"},"sceneLighting":true,"audioPlay":false,"sceneViewState":{"showFog":true,"showMaterialUpdate":true,"showSkybox":true,"showFlares":true,"showImageEffects":true,"showParticleSystems":true},"in2DMode":false,"pivot":{"x":-17.85986328125,"y":1.5986328125,"z":3.18017578125},"rotation":{"x":-0.23115940392017365,"y":0.7203787565231323,"z":-0.2823113203048706,"w":-0.5898475646972656},"size":4.786000728607178,"orthographic":true}