{"cameraMode":{"drawMode":0,"name":"Shaded","section":"Shading Mode"},"sceneLighting":true,"audioPlay":false,"sceneViewState":{"showFog":true,"showMaterialUpdate":true,"showSkybox":true,"showFlares":true,"showImageEffects":true,"showParticleSystems":true},"in2DMode":false,"pivot":{"x":0.03919711709022522,"y":1.434393048286438,"z":3.6924309730529787},"rotation":{"x":-0.053121622651815417,"y":0.6359555125236511,"z":-0.04394939914345741,"w":-0.7686398029327393},"size":0.3563046455383301,"orthographic":false}