{"cameraMode":{"drawMode":0,"name":"Shaded","section":"Shading Mode"},"sceneLighting":true,"audioPlay":false,"sceneViewState":{"showFog":true,"showMaterialUpdate":true,"showSkybox":true,"showFlares":true,"showImageEffects":true,"showParticleSystems":true},"in2DMode":false,"pivot":{"x":-14.319235801696778,"y":0.9301726818084717,"z":-1.3904517889022828},"rotation":{"x":-0.034620266407728198,"y":0.9334957003593445,"z":-0.3443523347377777,"w":-0.09385433048009873},"size":0.3206978142261505,"orthographic":true}