{"cameraMode":{"drawMode":0,"name":"Shaded","section":"Shading Mode"},"sceneLighting":true,"audioPlay":false,"sceneViewState":{"showFog":true,"showMaterialUpdate":true,"showSkybox":true,"showFlares":true,"showImageEffects":true,"showParticleSystems":true},"in2DMode":false,"pivot":{"x":-0.7707410454750061,"y":1.440000057220459,"z":-0.46000000834465029},"rotation":{"x":0.05810435116291046,"y":0.9418931603431702,"z":-0.23499436676502229,"w":0.23289252817630769},"size":7.214026927947998,"orthographic":true}