{"cameraMode":{"drawMode":0,"name":"Shaded","section":"Shading Mode"},"sceneLighting":true,"audioPlay":false,"sceneViewState":{"showFog":true,"showMaterialUpdate":true,"showSkybox":true,"showFlares":true,"showImageEffects":true,"showParticleSystems":true},"in2DMode":false,"pivot":{"x":14.816166877746582,"y":-13.487090110778809,"z":-14.449029922485352},"rotation":{"x":-0.10104880481958389,"y":-0.8955985903739929,"z":0.26270002126693728,"w":-0.3445011377334595},"size":28.176408767700197,"orthographic":false}