{"cameraMode":{"drawMode":0,"name":"Shaded","section":"Shading Mode"},"sceneLighting":true,"audioPlay":false,"sceneViewState":{"showFog":true,"showMaterialUpdate":true,"showSkybox":true,"showFlares":true,"showImageEffects":true,"showParticleSystems":true},"in2DMode":false,"pivot":{"x":-1.703413486480713,"y":1.741999864578247,"z":0.5659499168395996},"rotation":{"x":-0.028239386156201364,"y":-0.968905508518219,"z":0.13191373646259309,"w":-0.20742106437683106},"size":44.087730407714847,"orthographic":false}