{"cameraMode":{"drawMode":0,"name":"Shaded","section":"Shading Mode"},"sceneLighting":false,"audioPlay":false,"sceneViewState":{"showFog":true,"showMaterialUpdate":true,"showSkybox":true,"showFlares":true,"showImageEffects":true,"showParticleSystems":true},"in2DMode":false,"pivot":{"x":1.8892993927001954,"y":1.1742706298828126,"z":9.259859085083008},"rotation":{"x":0.1134316697716713,"y":0.8857837915420532,"z":-0.2978017032146454,"w":0.33739370107650759},"size":67.53622436523438,"orthographic":false}