{"cameraMode":{"drawMode":0,"name":"Shaded","section":"Shading Mode"},"sceneLighting":true,"audioPlay":false,"sceneViewState":{"showFog":true,"showMaterialUpdate":true,"showSkybox":true,"showFlares":true,"showImageEffects":true,"showParticleSystems":true},"in2DMode":false,"pivot":{"x":-0.0708465576171875,"y":1.35504150390625,"z":3.68701171875},"rotation":{"x":-0.07041584700345993,"y":-0.9242263436317444,"z":0.20861823856830598,"w":-0.31197088956832888},"size":2.566903829574585,"orthographic":true}