{"cameraMode":{"drawMode":0,"name":"Shaded","section":"Shading Mode"},"sceneLighting":true,"audioPlay":false,"sceneViewState":{"showFog":true,"showMaterialUpdate":true,"showSkybox":true,"showFlares":true,"showImageEffects":true,"showParticleSystems":true},"in2DMode":false,"pivot":{"x":-18.037109375,"y":1.42962646484375,"z":-0.7285614013671875},"rotation":{"x":-0.07091818749904633,"y":0.6883037686347961,"z":-0.06798769533634186,"w":-0.71873939037323},"size":3.565079927444458,"orthographic":true}