{"cameraMode":{"drawMode":0,"name":"Shaded","section":"Shading Mode"},"sceneLighting":false,"audioPlay":false,"sceneViewState":{"showFog":true,"showMaterialUpdate":true,"showSkybox":true,"showFlares":true,"showImageEffects":true,"showParticleSystems":true},"in2DMode":false,"pivot":{"x":-0.015529531985521317,"y":1.0016587972640992,"z":0.0757291316986084},"rotation":{"x":0.1319807767868042,"y":-0.5566710233688355,"z":0.09011469036340714,"w":0.8152164220809937},"size":0.4940629303455353,"orthographic":false}