{"cameraMode":{"drawMode":0,"name":"Shaded","section":"Shading Mode"},"sceneLighting":true,"audioPlay":false,"sceneViewState":{"showFog":true,"showMaterialUpdate":true,"showSkybox":true,"showFlares":true,"showImageEffects":true,"showParticleSystems":true},"in2DMode":false,"pivot":{"x":-0.9139494895935059,"y":0.5009732246398926,"z":3.4483935832977297},"rotation":{"x":-0.005881649907678366,"y":0.993879497051239,"z":-0.08818795531988144,"w":-0.06627214699983597},"size":0.6134150624275208,"orthographic":false}