{"cameraMode":{"drawMode":0,"name":"Shaded","section":"Shading Mode"},"sceneLighting":true,"audioPlay":false,"sceneViewState":{"showFog":true,"showMaterialUpdate":true,"showSkybox":true,"showFlares":true,"showImageEffects":true,"showParticleSystems":true},"in2DMode":false,"pivot":{"x":0.16677677631378175,"y":1.4861348867416382,"z":-3.2608840465545656},"rotation":{"x":-0.04488081485033035,"y":-0.9374834895133972,"z":0.13193665444850923,"w":-0.3189094364643097},"size":3.5759053230285646,"orthographic":false}