{"cameraMode":{"drawMode":2,"name":"Shaded Wireframe","section":"Shading Mode"},"sceneLighting":true,"audioPlay":false,"sceneViewState":{"showFog":true,"showMaterialUpdate":true,"showSkybox":true,"showFlares":true,"showImageEffects":true,"showParticleSystems":true},"in2DMode":false,"pivot":{"x":-3.13818359375,"y":0.90576171875,"z":-1.190185546875},"rotation":{"x":0.003076859749853611,"y":-0.9608581066131592,"z":0.27681830525398257,"w":0.010675781406462193},"size":51.75176239013672,"orthographic":true}