{"cameraMode":{"drawMode":0,"name":"Shaded","section":"Shading Mode"},"sceneLighting":true,"audioPlay":false,"sceneViewState":{"showFog":true,"showMaterialUpdate":true,"showSkybox":true,"showFlares":true,"showImageEffects":true,"showParticleSystems":true},"in2DMode":false,"pivot":{"x":0.7987642288208008,"y":-1.067453145980835,"z":-2.123371124267578},"rotation":{"x":0.05976097285747528,"y":0.9401471614837647,"z":-0.23038676381111146,"w":0.24387282133102418},"size":9.349879264831543,"orthographic":false}