{"cameraMode":{"drawMode":0,"name":"Shaded","section":"Shading Mode"},"sceneLighting":true,"audioPlay":false,"sceneViewState":{"showFog":true,"showMaterialUpdate":true,"showSkybox":true,"showFlares":true,"showImageEffects":true,"showParticleSystems":true},"in2DMode":false,"pivot":{"x":-6.3641357421875,"y":7.935546875,"z":3.385498046875},"rotation":{"x":-0.2388676255941391,"y":0.7591825723648071,"z":-0.3961307108402252,"w":-0.45789146423339846},"size":4.461889743804932,"orthographic":true}