{"cameraMode":{"drawMode":0,"name":"Shaded","section":"Shading Mode"},"sceneLighting":true,"audioPlay":false,"sceneViewState":{"showFog":true,"showMaterialUpdate":true,"showSkybox":true,"showFlares":true,"showImageEffects":true,"showParticleSystems":true},"in2DMode":false,"pivot":{"x":1.692309856414795,"y":-1.6578139066696168,"z":2.207897663116455},"rotation":{"x":0.22921723127365113,"y":0.7089768052101135,"z":-0.265648752450943,"w":0.6117533445358276},"size":5.456305027008057,"orthographic":false}