{"cameraMode":{"drawMode":0,"name":"Shaded","section":"Shading Mode"},"sceneLighting":true,"audioPlay":false,"sceneViewState":{"showFog":true,"showMaterialUpdate":true,"showSkybox":true,"showFlares":true,"showImageEffects":true,"showParticleSystems":true},"in2DMode":false,"pivot":{"x":-16.546630859375,"y":0.10647058486938477,"z":-2.748490333557129},"rotation":{"x":-0.12470544874668122,"y":-0.870309591293335,"z":0.2829882502555847,"w":-0.3833112120628357},"size":1.3726377487182618,"orthographic":true}