{"cameraMode":{"drawMode":0,"name":"Shaded","section":"Shading Mode"},"sceneLighting":true,"audioPlay":false,"sceneViewState":{"showFog":true,"showMaterialUpdate":true,"showSkybox":true,"showFlares":true,"showImageEffects":true,"showParticleSystems":true},"in2DMode":false,"pivot":{"x":0.113308846950531,"y":1.4119086265563965,"z":1.186277985572815},"rotation":{"x":0.02483058162033558,"y":0.9716442227363586,"z":-0.11894530802965164,"w":0.20283719897270204},"size":1.7143030166625977,"orthographic":false}