{"cameraMode":{"drawMode":2,"name":"Shaded Wireframe","section":"Shading Mode"},"sceneLighting":true,"audioPlay":false,"sceneViewState":{"showFog":true,"showMaterialUpdate":true,"showSkybox":true,"showFlares":true,"showImageEffects":true,"showParticleSystems":true},"in2DMode":false,"pivot":{"x":-6.4033203125,"y":3.3564453125,"z":1.39569091796875},"rotation":{"x":0.015675663948059083,"y":0.9224209785461426,"z":-0.38402611017227175,"w":0.037652935832738879},"size":35.23494338989258,"orthographic":true}