{"cameraMode":{"drawMode":0,"name":"Shaded","section":"Shading Mode"},"sceneLighting":true,"audioPlay":false,"sceneViewState":{"showFog":true,"showMaterialUpdate":true,"showSkybox":true,"showFlares":true,"showImageEffects":true,"showParticleSystems":true},"in2DMode":false,"pivot":{"x":-3.1246654987335207,"y":0.03520560264587402,"z":-3.8719592094421388},"rotation":{"x":-0.21887052059173585,"y":-0.7219021320343018,"z":0.2626146972179413,"w":-0.6016532778739929},"size":5.7015557289123539,"orthographic":false}