{"cameraMode":{"drawMode":0,"name":"Shaded","section":"Shading Mode"},"sceneLighting":true,"audioPlay":false,"sceneViewState":{"showFog":true,"showMaterialUpdate":true,"showSkybox":true,"showFlares":true,"showImageEffects":true,"showParticleSystems":true},"in2DMode":false,"pivot":{"x":0.09725382924079895,"y":0.2127632200717926,"z":3.239013671875},"rotation":{"x":0.0748177096247673,"y":-0.054421085864305499,"z":0.004092455375939608,"w":0.9957027435302734},"size":0.2630000412464142,"orthographic":true}