{"cameraMode":{"drawMode":0,"name":"Shaded","section":"Shading Mode"},"sceneLighting":true,"audioPlay":false,"sceneViewState":{"showFog":true,"showMaterialUpdate":true,"showSkybox":true,"showFlares":true,"showImageEffects":true,"showParticleSystems":true},"in2DMode":false,"pivot":{"x":-0.30575430393218996,"y":0.7966419458389282,"z":-4.171835899353027},"rotation":{"x":0.02333613857626915,"y":0.9566510915756226,"z":-0.2790589928627014,"w":0.08000177890062332},"size":2.5026657581329347,"orthographic":false}