{"cameraMode":{"drawMode":2,"name":"Shaded Wireframe","section":"Shading Mode"},"sceneLighting":true,"audioPlay":false,"sceneViewState":{"showFog":true,"showMaterialUpdate":true,"showSkybox":true,"showFlares":true,"showImageEffects":true,"showParticleSystems":true},"in2DMode":false,"pivot":{"x":-13.0341796875,"y":4.64990234375,"z":2.694580078125},"rotation":{"x":0.26937124133110049,"y":0.5381270051002502,"z":-0.1866697520017624,"w":0.7765390276908875},"size":13.683655738830567,"orthographic":true}