{"cameraMode":{"drawMode":0,"name":"Shaded","section":"Shading Mode"},"sceneLighting":true,"audioPlay":false,"sceneViewState":{"showFog":true,"showMaterialUpdate":true,"showSkybox":true,"showFlares":true,"showImageEffects":true,"showParticleSystems":true},"in2DMode":false,"pivot":{"x":-0.9142547845840454,"y":0.4748396575450897,"z":3.4496941566467287},"rotation":{"x":-0.15204957127571107,"y":0.3731156587600708,"z":-0.062128301709890369,"w":-0.9131296873092651},"size":0.5875049233436585,"orthographic":false}