{"cameraMode":{"drawMode":0,"name":"Shaded","section":"Shading Mode"},"sceneLighting":true,"audioPlay":false,"sceneViewState":{"showFog":true,"showMaterialUpdate":true,"showSkybox":true,"showFlares":true,"showImageEffects":true,"showParticleSystems":true},"in2DMode":false,"pivot":{"x":-0.4782482385635376,"y":0.5300474762916565,"z":3.1005969047546388},"rotation":{"x":-0.04687051847577095,"y":0.8962970972061157,"z":-0.43001240491867068,"w":-0.09769339114427567},"size":0.9027191996574402,"orthographic":false}