{"cameraMode":{"drawMode":0,"name":"Shaded","section":"Shading Mode"},"sceneLighting":true,"audioPlay":false,"sceneViewState":{"showFog":true,"showMaterialUpdate":true,"showSkybox":true,"showFlares":true,"showImageEffects":true,"showParticleSystems":true},"in2DMode":false,"pivot":{"x":-4.9121856689453129,"y":4.735021591186523,"z":3.810698986053467},"rotation":{"x":-0.24217748641967774,"y":0.7573366761207581,"z":-0.4441418945789337,"w":-0.41295185685157778},"size":11.329293251037598,"orthographic":false}