{"cameraMode":{"drawMode":0,"name":"Shaded","section":"Shading Mode"},"sceneLighting":true,"audioPlay":false,"sceneViewState":{"showFog":true,"showMaterialUpdate":true,"showSkybox":true,"showFlares":true,"showImageEffects":true,"showParticleSystems":true},"in2DMode":false,"pivot":{"x":-0.05991119146347046,"y":1.1905556917190552,"z":3.851663827896118},"rotation":{"x":0.05852080509066582,"y":-0.3049306273460388,"z":0.018782256171107293,"w":0.9503893852233887},"size":0.761640727519989,"orthographic":false}